Name,UniqueID
"Abbott, CLA (CP)",Abbott1886
"Abbott, JP (CP)",Abbott1891
"Abbott, AJ",Abbott1957
"Abbott, the Hon. Anthony John",Abbott1957
"Abetz, Senator",Abetz1958
"Abetz, Senator E",Abetz1958
"Abetz, Senator the Hon. Eric",Abetz1958
"Adermann, CF (CP)",Adermann1896
"Adermann, the Hon. Charles Frederick",Adermann1896
"Adermann, the Rt Hon. Charles Frederick",Adermann1896
"Adermann, AE (NCP)",Adermann1927
"Albanese, AN",Albanese1963
"Albanese, the Hon. Anthony Norman",Albanese1963
"Alston, Senator RKR",Alston1941
"Alston, Senator the Hon. Richard Kenneth Robert",Alston1941
"Anderson, Senator KMcC",Anderson1909
"Anderson, Senator McC",Anderson1909
"Anderson, Senator the Hon. Kenneth McColl",Anderson1909
"Anderson, Senator the Hon. Sir Kenneth McColl, KBE",Anderson1909
"Anderson, the Hon. Kenneth McColl",Anderson1909
"Anderson, JD (NP)",Anderson1956
"Anderson, JD (NPA)",Anderson1956
"Anderson, the Hon. John Duncan",Anderson1956
"Andrews, the Hon. Kevin James",Andrews1955
"Andrews, KJ",Andrews1955
"Andrews, KL",Andrews1960
"Anstey, F",Anstey1865
"Anthony, HL (CP)",Anthony1897
"Anthony, JD",Anthony1929
"Anthony, JD (CP)",Anthony1929
"Anthony, JD (NCP)",Anthony1929
"Anthony, the Hon. John Douglas",Anthony1929
"Anthony, the Rt Hon. John Douglas",Anthony1929
"Anthony, the Rt Hon. John Douglas, CH",Anthony1929
"Anthony, LJ (NPA)",Anthony1961
"Arbib, Senator MJ",Arbib1971
"Arbib, Senator MV",Arbib1971
"Archibald, WO",Archibald1852
"Armstrong, Senator JI",Armstrong1908
"Arthur, JA",Arthur1875
"Ashley, Senator WP",Ashley1881
"Atkinson, L",Atkinson1867
"Bailey, FE",Bailey1946
"Baldwin, the Hon. Peter Jeremy",Baldwin1951
"Baldwin, PJ",Baldwin1951
"Baldwin, BC",Baldwin1955
"Baldwin, RC",Baldwin1955
"Bamford, FW",Bamford1849
"Barnard, HC",Barnard1890
"Barnard, LH",Barnard1919
"Barnes, Senator J",Barnes1868
"Barnes, CE (CP)",Barnes1901
"Barnes, the Hon. Charles Edward",Barnes1901
"Barton, E",Barton1849
"Barwick, GEJ",Barwick1903
"Barwick, the Hon. Sir Garfield Edward John, GCMG, QC",Barwick1903
"Barwick, the Hon. Sir Garfield Edward John, QC",Barwick1903
"Batchelor, EL",Batchelor1865
"Baume, the Hon. Peter Erne",Baume1935
"Baume, Senator PE",Baume1935
"Beale, OH",Beale1898
"Beale, the Hon. Howard, QC",Beale1934
"Beasley, JA",Beasley1895
"Beazley, KE",Beazley1917
"Beazley, KC",Beazley1948
"Beazley, the Hon. Kim Christian",Beazley1948
"Beddall, DP",Beddall1948
"Berinson, JM",Berinson1932
"Best, Senator RW",Best1856
"Best, Senator RW (PROT)",Best1856
"Billson, BF",Billson1966
"Billson, the Hon. Bruce Fredrick",Billson1966
"Bilney, GN",Bilney1939
"Bird, SL",Bird1962
"Birmingham, Senator SJ",Birmingham1974
"Birmingham, Senator the Hon. Simon John",Birmingham1974
"Bishop, BK",Bishop1942
"Bishop, JI",Bishop1956
"Bishop, Senator R",Bishop1913
"Bishop, the Hon. Julie Isabel",Bishop1956
"Blakeley, A",Blakeley1886
"Blewett, N",Blewett1933
"Blewett, the Hon. Dr Neal",Blewett1933
"Bolkus, Senator N",Bolkus1950
"Bolkus, Senator the Hon. Nick",Bolkus1950
"Boswell, Senator RLD (NPA)",Boswell1940
"Bowden, EK",Bowden1871
"Bowen, CE",Bowen1973
"Bowen, LF",Bowen1922
"Bowen, NH",Bowen1911
"Bowen, the Hon. Christopher Eyles",Bowen1973
"Bowen, the Hon. Lionel Frost",Bowen1922
"Bowen, the Hon. Nigel Hubert, QC",Bowen1911
"Bradbury, DJ",Bradbury1976
"Brandis, Senator GH",Brandis1957
"Brandis, Senator the Hon. George Henry, QC",Brandis1957
"Brennan, F",Brennan1873
"Brennan, Senator TC",Brennan1866
"Brereton, LJ",Brereton1946
"Brereton, the Hon. Laurence John",Brereton1946
"Briggs, JE",Briggs1977
"Brough, MT",Brough1961
"Brough, the Hon. Malcolm Thomas",Brough1961
"Brown, JJ",Brown1931
"Brown, NA",Brown1940
"Brown, RJ",Brown1933
"Brown, the Hon. John Joseph",Brown1931
"Brownhill, Senator DGC (NPA)",Brownhill1935
"Bruce, SM",Bruce1883
"Bryant, GM",Bryant1914
"Burke, AS",Burke1969
"Burke, the Hon. Anthony Stephen",Burke1969
"Bury, LH",Bury1913
"Bury, LHE",Bury1913
"Bury, the Hon. Leslie Harry Ernest",Bury1913
"Butler, MC",Butler1970
"Butler, the Hon. Mark Christopher",Butler1970
"Button, Senator JN",Button1932
"Button, Senator the Hon. John Norman",Button1932
"Byrne, AM",Byrne1962
"Cadman, AG",Cadman1937
"Cairns, JF",Cairns1914
"Cairns, KMK",Cairns1929
"Calwell, AA",Calwell1896
"Cameron, AG (CP)",Cameron1895
"Cameron, CR",Cameron1913
"Cameron, DA",Cameron1900
"Cameron, RA",Cameron1965
"Cameron, Senator D",Cameron1878
"Cameron, Senator DN",Cameron1851
"Campbell, Senator IG",Campbell1959
"Campbell, Senator the Hon. Ian Gordon",Campbell1959
"Canavan, Senator MJ",Canavan1980
"Canavan, Senator MJ (NP)",Canavan1980
"Carlton, JJ",Carlton1935
"Carr, Senator KJ",Carr1955
"Carr, Senator RJ",Carr1947
"Carr, Senator the Hon. Kim John",Carr1955
"Carr, Senator the Hon. Robert John",Carr1947
"Carrick, Senator JL",Carrick1918
"Carrick, Senator the Hon. John Leslie",Carrick1918
"Carrick, Senator the Hon. John Leslie (later Sir John, KCMG)",Carrick1918
"Casey, RG",Casey1890
"Casey, the Rt Hon. Richard Gardiner, CH, DSO, MC",Casey1890
"Cash, Senator MC",Cash1970
"Cash, Senator the Hon. Michaelia Clare",Cash1970
"Cass, MH",Cass1927
"Cavanagh, JL",Cavanagh1913
"Cavanagh, Senator JL",Cavanagh1913
"Chambers, C",Chambers1897
"Chaney, FC",Chaney1914
"Chaney, FM",Chaney1941
"Chaney, Senator FM",Chaney1941
"Chaney, Senator the Hon. Frederick Michael",Chaney1941
"Chapman, A",Chapman1864
"Chester, DJ (NP)",Chester1967
"Chester, the Hon. Darren Jeffrey",Chester1967
"Chifley, JB",Chifley1885
"Chipp, DL",Chipp1925
"Ciobo, SM",Ciobo1974
"Ciobo, the Hon. Steven Michele",Ciobo1974
"Clare, JD",Clare1972
"Clare, the Hon. Jason Dean",Clare1972
"Clemons, Senator JS",Clemons1862
"Cobb, JK (NP)",Cobb1950
"Cohen, B",Cohen1935
"Colbeck, Senator RM",Colbeck1958
"Collett, Senator HB",Collett1877
"Collings, Senator JS",Collings1865
"Collins, JM",Collins1962
"Collins, Julie Maree",Collins1962
"Collins, Senator JMA",Collins1962
"Collins, Senator RL",Collins1946
"Collins, Senator the Hon. Jacinta Mary Ann",Collins1962
"Collins, Senator the Hon. Robert Lindsay",Collins1946
"Collins, TJ (CP)",Collins1886
"Combet, GI",Combet1958
"Combet, the Hon. Gregory Ivan, AM",Combet1958
"Connor, RFX",Connor1907
"Conroy, Senator SM",Conroy1963
"Conroy, Senator the Hon. Stephen Michael",Conroy1963
"Cook, J",Cook1860
"Cook, J (FT)",Cook1860
"Cook, JNHH",HumeCook1866
"Cook, Senator PFS",Cook1943
"Cook, Senator PFS",Cook1943
"Cook, Senator the Hon. Peter Francis Salmon",Cook1943
"Coonan, Senator HL",Coonan1947
"Coonan, Senator the Hon. Helen Lloyd",Coonan1947
"Cooper, Senator WJ",Cooper1888
"Cooper, Senator WJ (CP)",Cooper1888
"Cormann, Senator MHP",Cormann1970
"Cormann, Senator the Hon. Mathias Hubert Paul",Cormann1970
"Costello, PH",Costello1957
"Costello, the Hon. Peter Howard",Costello1957
"Cotton, Senator RC",Cotton1915
"Cotton, Senator the Hon. Robert Carrington",Cotton1915
"Courtice, Senator B",Courtice1885
"Cramer, JO",Cramer1897
"Crawford, MC",Crawford1947
"Crawford, Senator TW",Crawford1865
"Crean, F",Crean1916
"Crean, SF",Crean1949
"Crean, the Hon. Simon Findlay",Crean1949
"Crosio, JA",Crosio1939
"Crowley, Senator RA",Crowley1938
"Culley, CE",Culley1877
"Cunningham, LL",Cunningham1889
"Curtin, J",Curtin1885
"D'Ath, YM",DAth1970
"Daly, FM",Daly1912
"Daly, FMD",Daly1912
"Daly, Senator JJ",Daly1891
"Danby, MD",Danby1955
"Davidson, CW (CP)",Davidson1897
"Davidson, the Hon. Charles William, OBE",Davidson1897
"Dawkins, JS",Dawkins1947
"Dawkins, the Hon. John Sydney",Dawkins1947
"Dawson, Senator A",Dawson1863
"Deakin, A",Deakin1856
"Deakin, A (PROT)",Deakin1856
"Debus, RJ",Debus1943
"Dedman, JJ",Dedman1896
"Dickson, JR",
"Dobie, JDM",Dobie1927
"Dooley, Senator JB",Dooley1884
"Downer, AJG",Downer1951
"Downer, AR",Downer1910
"Downer, the Hon. Alexander John Gosse",Downer1951
"Downer, the Hon. Alexander Russell",Downer1910
"Drake, Senator JG",Drake1850
"Drake, Senator JG (PROT)",Drake1850
"Drake-Brockman, Senator TC (CP)",DrakeBrockman1919
"Drake-Brockman, Senator TC (NCP)",DrakeBrockman1919
"Drakeford, AS",Drakeford1878
"Dreyfus, MA",Dreyfus1956
"Dreyfus, the Hon. Mark Alfred, QC",Dreyfus1956
"Duffy, MJ",Duffy1938
"Duffy, the Hon. Michael John",Duffy1938
"Duncan, P",Duncan1945
"Durack, Senator PD",Durack1926
"Durack, Senator the Hon. Peter Drew, QC",Durack1926
"Dutton, PC",Dutton1970
"Dutton, the Hon. Peter Craig",Dutton1970
"Earle, Senator J",Earle1865
"Ellicott, RJ",Ellicott1927
"Elliot, MJ",Elliot1967
"Elliott, RP",Elliott1954
"Ellis, KM",Ellis1977
"Ellison, Senator CM",Ellison1954
"Ellison, the Hon. Christopher Martin",Ellison1954
"Emerson, CA",Emerson1954
"Emerson, the Hon. Dr Craig Anthony",Emerson1954
"Enderby, KE",Enderby1926
"Entsch, WG",Entsch1950
"Erwin, GD",Erwin1917
"Evans, Senator CV",Evans1958
"Evans, Senator GJ",Evans1944
"Evans, Senator the Hon. Christopher Vaughan",Evans1958
"Evans, Senator the Hon. Gareth John, QC",Evans1944
"Evatt, HV",Evatt1894
"Everingham, DN",Everingham1923
"Ewing, TT",Ewing1856
"Fadden, AW (CP)",Fadden1894
"Fadden, the Rt Hon. Sir Arthur William, KCMG",Fadden1894
"Fahey, JJ",Fahey1945
"Fahey, the Hon. John Joseph",Fahey1945
"Fairbairn, DE",Fairbairn1917
"Fairbairn, JV",Fairbairn1897
"Fairbairn, the Hon. David Eric, DFC",Fairbairn1917
"Fairhall, A",Fairhall1909
"Fairhall, the Hon. Allen",Fairhall1909
"Farmer, PF",Farmer1962
"Farrell, Senator DE",Farrell1954
"Fatin, WF",Fatin1941
"Faulkner, Senator JP",Faulkner1954
"Faulkner, Senator the Hon. John Philip",Faulkner1954
"Faulkner, the Hon. John Philip",Faulkner1954
"Feeney, Senator DI",Feeney1970
"Fenton, JE",Fenton1864
"Ferguson, LDT",Ferguson1952
"Ferguson, MJ",Ferguson1953
"Ferguson, the Hon. Martin John, AM",Ferguson1953
"Fierravanti-Wells, Senator CA",FierravantiWells1960
"Fife, the Hon. Wallace Clyde",Fife1929
"Fife, WC",Fife1929
"Fifield, MP",Fifield1967
"Fifield, Senator MP",Fifield1967
"Fifield, the Hon. Mitchell Peter",Fifield1967
"Findley, Senator E",Findley1864
"Fischer, TA (NPA)",Fischer1946
"Fischer, the Hon. Timothy Andrew",Fischer1946
"Fisher, A",Fisher1862
"Fitzgibbon, JA",Fitzgibbon1962
"Fitzgibbon, the Hon. Joel Andrew",Fitzgibbon1962
"Fletcher, PW",Fletcher1965
"Foll, Senator HS",Foll1890
"Forbes, AJ",Forbes1923
"Forde, FM",Forde1890
"Forrest, J",Forrest1847
"Forrest, J (PROT)",Forrest1847
"Foster, RW",Foster1856
"Foxton, JFG (FT)",Foxton1849
"Francis, J",Francis1890
"Fraser, JM",Fraser1889
"Fraser, Senator JM",Fraser1889
"Fraser, the Hon. John Malcolm",Fraser1930
"Fraser, the Rt Hon. John Malcolm",Fraser1930
"Fraser, the Rt Hon. John Malcolm, CH",Fraser1930
"Frazer, CE",Frazer1880
"Free, RV",Free1943
"Freeth, G",Freeth1914
"Freeth, the Hon. Gordon",Freeth1914
"Frost, CW",Frost1882
"Frydenberg, J",Frydenberg1971
"Frydenberg, JA",Frydenberg1971
"Frydenberg, the Hon. Joshua Anthony",Frydenberg1971
"Fuller, GW (FT)",Frydenberg1971
"Fysh, PO",Fysh1835
"Gallus, CA",Gallus1943
"Gambaro, T",Gambaro1958
"Gardiner, Senator A",Gardiner1867
"Garland, RV",Garland1934
"Garrett, PR",Garrett1953
"Garrett, the Hon. Peter Robert, AM",Garrett1953
"Gear, G",Gear1947
"Gibson, Senator BF",Gibson1936
"Gibson, WG (CP)",Gibson1869
"Gietzelt, Senator AT",Gietzelt1920
"Gillard, JE",Gillard1961
"Gillard, the Hon. Julia Eileen",Gillard1961
"Gillespie, DA",Gillespie1957
"Gillespie, DA (NP)",Gillespie1957
"Glasgow, Senator TW",Glasgow1876
"Glynn, PMcM",Glynn1855
"Glynn, PMcM (FT)",Glynn1855
"Gorton, JG",Gorton1911
"Gorton, Senator JG",Gorton1911
"Gorton, Senator the Hon. John Grey",Gorton1911
"Gorton, the Rt Hon. John Grey",Gorton1911
"Gorton, the Rt Hon. John Grey, CH",Gorton1911
"Grassby, AJ",Grassby1926
"Gray, G",Gray1958
"Gray, the Hon. Gary",Gray1958
"Green, AE",Green1869
"Greenwood, Senator IJ",Greenwood1926
"Greenwood, Senator the Hon. Ivor John, QC",Greenwood1926
"Griffin, AP",Griffin1960
"Griffiths, AG",Griffiths1952
"Griffiths, the Hon. Alan Gordon",Griffiths1952
"Grimes, Senator DJ",Grimes1937
"Grimes, Senator the Hon. Donald James",Grimes1937
"Groom, LE",Groom1867
"Groom, LE (PROT)",Groom1867
"Groom, RJ",Groom1944
"Guilfoyle, Senator MGC",Guilfoyle1926
"Guilfoyle, Senator the Hon. Dame Margaret Georgina Constance, DBE",Guilfoyle1926
"Guilfoyle, Senator the Hon. Margaret Georgina Constance",Guilfoyle1926
"Guilfoyle, Senator the Hon. Margaret Georgina Constance (later Dame Margaret, DBE)",Guilfoyle1926
"Gullett, HS",Gullett1878
"Guy, JA",Guy1890
"Hand, GL",Hand1942
"Hand, the Hon. Gerard Leslie",Hand1942
"Hardgrave, GD",Hardgrave1960
"Harrison, EJ",Harrison1892
"Harrison, the Rt Hon. Sir Eric John, KCVO",Harrison1892
"Hartsuyker, L (NP)",Hartsuyker1959
"Hasluck, PMC",Hasluck1905
"Hasluck, the Hon. Paul Meernaa Caedwalla",Hasluck1905
"Hasluck, the Rt Hon. Paul Meernaa Caedwalla",Hasluck1905
"Hawke, AG",Hawke1977
"Hawke, RJL",Hawke1929
"Hawke, the Hon. Robert James Lee, AC",Hawke1929
"Hawker, CAS",Hawker1894
"Hayden, the Hon. William George",Hayden1933
"Hayden, WG",Hayden1933
"Heffernan, Senator WD",Heffernan1943
"Hendy, PW",Hendy1962
"Henty, Senator NHD",Henty1903
"Henty, Senator the Hon. Norman Henry Denham",Henty1903
"Herron, Senator JJ",Herron1932
"Higgins, HB",Higgins1851
"Higgs, WG",Higgs1862
"Hill, Senator RM",Hill1946
"Hill, Senator the Hon. Robert",Hill1946
"Hill, WC (CP)",Hill1866
"Hockey, JB",Hockey1965
"Hockey, the Hon. Joseph Benedict",Hockey1965
"Hodges, JC",Hodges1937
"Hodgman, WM",Hodgman1938
"Holding, AC",Holding1931
"Holding, the Hon. Allan Clyde",Holding1931
"Holloway, EJ",Holloway1875
"Holt, HE",Holt1908
"Holt, the Rt Hon. Harold Edward",Holt1908
"Holten, RMcN (CP)",Holten1922
"Howard, JW",Howard1939
"Howard, the Hon. John Winston",Howard1939
"Howe, BL",Howe1936
"Howe, the Hon. Brian Leslie",Howe1936
"Howse, NR",Howse1863
"Howson, P",Howson1919
"Hughes, TEF",Hughes1923
"Hughes, WM",Hughes1862
"Hulme, AS",Hulme1907
"Hulme, the Hon. Alan Shallcross",Hulme1907
"Hulme, the Hon. Sir Alan Shallcross, KBE",Hulme1907
"Humphreys, BC",Humphreys1934
"Humphreys, the Hon. Benjamin Charles",Humphreys1934
"Hunt, GA",Hunt1965
"Hunt, RJD (CP)",Hunt1928
"Hunt, RJD (NCP)",Hunt1928
"Hunt, the Hon. Gregory Andrew",Hunt1965
"Hunt, the Hon. Ralph James Dunnet",Hunt1928
"Hunter, JAJ (CP)",Hunter1882
"Hurford, CJ",Hurford1931
"Hurford, the Hon. Christopher John",Hurford1931
"Husic, EN",Husic1970
"Hutchison, J",Hutchison1859
"Irvine, WH",Irvine1858
"Isaacs, IA",Isaacs1855
"Jensen, JA",Jensen1865
"Johns, GT",Johns1952
"Johnson, HV",Johnson1889
"Johnson, LR",Johnson1924
"Johnston, Senator DA",Johnston1956
"Johnston, Senator DAL",Johnston1956
"Johnston, Senator the Hon. David Albert Lloyd",Johnston1956
"Jones, BO",JonesBarry1932
"Jones, CK",Jones1917
"Joyce, BTG (NP)",Joyce1967
"Joyce, the Hon. Barnaby Thomas Gerard",Joyce1967
"Jull, DF",Jull1944
"Katter, RC (CP)",Katter1918
"Keane, Senator RV",Keane1881
"Keating, PJ",Keating1944
"Keating, Senator JH",Keating1872
"Keating, the Hon. Paul John",Keating1944
"Keenan, MF",Keenan1972
"Kelly, CR",Kelly1912
"Kelly, DM (NP)",Kelly1954
"Kelly, DM (NPA)",Kelly1954
"Kelly, JM",Kelly1964
"Kelly, MJ",Kelly1960
"Kelly, RJ",Kelly1948
"Kelly, the Hon. Roslyn Joan",Kelly1948
"Kelly, WH",Kelly1877
"Kemp, DA",Kemp1941
"Kemp, Senator CR",Kemp1944
"Kemp, the Hon. David Alistair",Kemp1941
"Kent Hughes, WS",KentHughes1895
"Kerin, JC",Kerin1937
"Kerin, the Hon. John Charles",Kerin1937
"Kerr, DJC",Kerr1952
"Killen, DJ",Killen1925
"Killen, the Hon. Denis James",Killen1925
"Killen, the Hon. Denis James (later Sir James, KCMG)",Killen1925
"King, CF",King1966
"King, RS (CP)",King1920
"King, the Hon. Catherine Fiona",King1966
"Kingston, CC",Kingston1850
"Lamond, H",Lamond1865
"Latham, JG",Latham1877
"Laundy, CAS",Laundy1971
"Lavarch, MH",Lavarch1961
"Lavarch, the Hon. Michael Hugh",Lavarch1961
"Lawrence, CM",Lawrence1948
"Lawrence, the Hon. Dr Carmen Mary",Lawrence1948
"Lawson, G",Lawson1880
"Lawson, JN",Lawson1897
"Lawson, Senator HSW",Lawson1875
"Lazzarini, HP",Lazzarini1894
"Leckie, Senator JW",Leckie1872
"Lee, MJ",Lee1957
"Lee, the Hon. Michael John",Lee1957
"Leigh, AK",Leigh1972
"Lemmon, N",Lemmon1908
"Lewis, NE",
"Ley, SP",Ley1961
"Ley, the Hon. Sussan Penelope",Ley1961
"Lindsay, EJ",Lindsay1942
"Lindsay, PJ",Lindsay1944
"Lloyd, JE",Lloyd1954
"Ludwig, Senator JW",Ludwig1959
"Ludwig, Senator the Hon. Joseph William",Ludwig1959
"Lundy, KA",Lundy1967
"Lundy, Senator KA",Lundy1967
"Lynch, PR",Lynch1933
"Lynch, Senator PJ",Lynch1867
"Lynch, the Hon. Phillip Reginald",Lynch1933
"Lynch, the Rt Hon. Phillip Reginald",Lynch1933
"Lynch, the Rt Hon. Sir Phillip Reginald, KCMG",Lynch1933
"Lyne, WJ",Lyne1844
"Lyons, EM",Lyons1897
"Lyons, JA",Lyons1879
"MacDonald, Senator AN",MacDonald1892
"MacDonald, Senator AN",MacDonald1892
"Macdonald, Senator ID",Macdonald1945
"Macdonald, Senator JAL (NP)",Macdonald1954
"Macfarlane, IE",Macfarlane1955
"Macfarlane, the Hon. Ian Elgin",Macfarlane1955
"Mackay, MG",Mackay1919
"MacKellar, MJR",MacKellar1938
"Macklin, JL",Macklin1953
"Macklin, the Hon. Jennifer Louise",Macklin1953
"Macphee, IM",Macphee1938
"Macphee, the Hon. Ian Malcolm",Macphee1938
"Mahon, H",Mahon1857
"Makin, NJO",Makin1889
"Marles, RD",Marles1967
"Marles, Richard Donald",Marles1967
"Marr, CWC",Marr1880
"Marriott, Senator JE",Marriott1913
"Martin, SP",Martin1948
"Mason, Senator BJ",Mason1962
"Massy-Greene, Senator",MassyGreene1874
"Massy-Greene, W",MassyGreene1874
"Mauger, S",Mauger1857
"McBride, PAM",McBride1892
"McBride, Senator PAM",McBride1892
"McBride, the Hon. Sir Philip Albert Martin, KCMG",McBride1892
"McCay, JW (PROT)",McCay1864
"McClelland, RB",McClelland1958
"McClelland, Senator D",McClelland1926
"McClelland, Senator JR",McClelland1915
"McClelland, the Hon. Robert Bruce",McClelland1958
"McColl, Senator JH",McColl1844
"McCormack, MF (NP)",McCormack1964
"McDonald, AMcK",McDonald1888
"McEwen, J (CP)",McEwen1900
"McEwen, the Rt Hon. John",McEwen1900
"McGauran, PJ (NP)",McGauran1955
"McGauran, PJ (NPA)",McGauran1955
"McGauran, the Hon. Peter John",McGauran1955
"McGrath, Senator J",McGrath1974
"McGregor, Senator G",McGregor1848
"McHugh, J",McHugh1934
"McKellar, Senator GC",McKellar1903
"McKellar, Senator GC (CP)",McKellar1903
"McKenna, Senator NE",McKenna1895
"McKew, MM",McKew1953
"McLachlan, IM",McLachlan1936
"McLachlan, Senator AJ",McLachlan1872
"McLachlan, the Hon. Ian Murray, AO",McLachlan1936
"McLean, A (PROT)",McLean1840
"McLeay, JE",McLeay1922
"McLeay, Senator G",McLeay1892
"McLucas, Senator JE",McLucas1958
"McMahon, the Hon. William",McMahon1908
"McMahon, the Rt Hon. William",McMahon1908
"McMahon, W",McMahon1908
"McMullan, RF",McMullan1947
"McMullan, Senator RF",McMullan1947
"McMullan, Senator the Hon. Robert Francis",McMullan1947
"McNeill, J",McNeill1868
"McVeigh, DT (NCP)",McVeigh1930
"Menzies, RG",Menzies1894
"Menzies, the Rt Hon. Robert Gordon, CH, QC",Menzies1894
"Menzies, the Rt Hon. Sir Robert Gordon, KT, CH, QC",Menzies1894
"Messner, Senator AJ",Messner1939
"Miles, CG",Miles1947
"Millen, Senator ED",Millen1860
"Millen, Senator ED (FT)",Millen1860
"Minchin, Senator NH",Minchin1953
"Minchin, Senator the Hon. Nicholas Hugh",Minchin1953
"Moloney, PJ",Moloney1876
"Moore, JC",Moore1936
"Moore, the Hon. John Colinton",Moore1936
"Morris, PF",Morris1932
"Morris, the Hon. Peter Frederick",Morris1932
"Morrison, SJ",Morrison1968
"Morrison, the Hon. Scott John",Morrison1968
"Morrison, WL",Morrison1928
"Moylan, JE",Moylan1944
"Murphy, JP",Murphy1950
"Murphy, LK",Murphy1922
"Murphy, Senator LK",Murphy1922
"Nairn, GR",Nairn1951
"Nash, Senator FJ (NP)",Nash1965
"Nash, Senator the Hon. Fiona Joy",Nash1965
"Nelson, BJ",Nelson1958
"Nelson, the Hon. Dr Brendan John",Nelson1958
"Neumann, SK",Neumann1961
"Newman, KE",Newman1933
"Newman, Senator JM",Newman1937
"Newman, Senator the Hon. Jocelyn Margaret",Newman1937
"Nixon, PJ (CP)",Nixon1928
"Nixon, PJ (NCP)",Nixon1928
"Nixon, the Hon. Peter James",Nixon1928
"Nock, HK (CP)",Nock1879
"O'Connor, BP",OConnor1962
"O'Connor, BPJ",OConnor1962
"O'Connor, Senator RE",OConnor1851
"O'Connor, the Hon. Brendan Patrick",OConnor1962
"O'Dwyer, KM",ODwyer1977
"O'Dwyer, the Hon. Kelly Megan",ODwyer1977
"O'Keefe, NP",OKeefe1947
"O'Malley, K",OMalley1854
"O'Sullivan, Senator N",OSullivan1900
"O'Sullivan, Senator the Hon. Neil",OSullivan1900
"Ogden, Senator JE",Ogden1868
"Opperman, HF",Opperman1904
"Orchard, RB",Orchard1871
"Osborne, FM",Osborne1909
"Page, ECG (CP)",Page1880
"Paltridge, Senator SD",Paltridge1910
"Paltridge, Senator the Hon. Shane Dunne",Paltridge1910
"Parer, Senator WR",Parer1936
"Parke, M",Parke1966
"Parkhill, RA",Parkhill1879
"Paterson, T (CP)",Paterson1882
"Patterson, RA",Patterson1927
"Patterson, Senator KCL",Patterson1944
"Patterson, Senator the Hon. Kay Christine Lesley",Patterson1944
"Payne, Senator MA",Payne1964
"Payne, Senator the Hon. Marise Ann",Payne1964
"Peacock, AS",Peacock1939
"Peacock, the Hon. Andrew Sharp",Peacock1939
"Pearce, CJ",Pearce1963
"Pearce, Senator GF",Pearce1870
"Perkins, JA",Perkins1878
"Pitt, KJ (NP)",Pitt1969
"Playford, Senator T",Playford1837
"Plibersek, the Hon. Tanya Joan",Plibersek1969
"Plibersek, TJ",Plibersek1969
"Pollard, RT",Pollard1894
"Porter, C",Porter1970
"Porter, CC",Porter1970
"Porter, the Hon. Charles Christian",Porter1970
"Poynton, A",Poynton1853
"Pratten, HE",Pratten1865
"Prentice, J",Prentice1953
"Price, LRS",Price1945
"Prosser, GD",Prosser1948
"Punch, GF",Punch1957
"Pyne, CM",Pyne1967
"Pyne, the Hon. Christopher Maurice",Pyne1967
"Quick, J (PROT)",Quick1852
"Rankin, Senator AJM",Rankin1908
"Ray, Senator RF",Ray1947
"Ray, Senator the Hon. Robert Francis",Ray1947
"Reid, GH (FT)",Reid1845
"Reith, PK",Reith1950
"Reith, the Hon. Peter Keaston",Reith1950
"Reynolds, Senator M",Reynolds1941
"Richardson, Senator GF",Richardson1949
"Richardson, Senator the Hon. Graham Frederick",Richardson1949
"Riordan, JM",Riordan1930
"Riordan, WJF",Riordan1908
"Ripoll, BF",Ripoll1966
"Rishworth, AL",Rishworth1978
"Robb, AJ",Robb1951
"Robb, the Hon. Andrew John, AO",Robb1951
"Robert, SR",Robert1970
"Roberton, HS (CP)",Roberton1900
"Roberts, EA",Roberts1869
"Robinson, EL",Robinson1929
"Robinson, IL (CP)",Robinson1927
"Robinson, the Hon. Eric Laidlaw",Robinson1929
"Rodgers, AS",Rodgers1875
"Ronaldson, MJC",Ronaldson1954
"Ronaldson, Sen MJC",Ronaldson1954
"Ronaldson, Senator MJC",Ronaldson1954
"Roxon, NL",Roxon1967
"Roxon, the Hon. Nicola Louise",Roxon1967
"Roy, W",Roy1990
"Rudd, KM",Rudd1957
"Rudd, the Hon. Kevin Michael",Rudd1957
"Ruddock, PM",Ruddock1943
"Ruddock, the Hon. Philip Maxwell",Ruddock1943
"Russell, Senator EJ",Russell1878
"Ruston, Senator AS",Ruston1963
"Ryan, Senator SM",Ryan1942
"Ryan, Senator the Hon. Susan Maree",Ryan1942
"Ryrie, GdeL",Ryrie1865
"Santoro, Senator S",Santoro1956
"Schacht, Senator CC",Schacht1946
"Scholes, GGD",Scholes1931
"Scholes, the Hon. Gordon Glen Denton",Scholes1931
"Sciacca, CA",Sciacca1947
"Scott, BC (NPA)",Scott1943
"Scott, Senator DB (NCP)",Scott1920
"Scott, Senator MF",Scott1910
"Scullin, JH",Scullin1876
"Scullion, Senator NG (CLP)",Scullion1956
"Scullion, Senator the Hon. Nigel Gregory",Scullion1956
"Scully, WJ",Scully1890
"Seselja, Senator Z",Seselja1977
"Sharp, JR (NPA)",Sharp1954
"Sharp, the Hon. John Randall",Sharp1954
"Sherry, Senator NJ",Sherry1955
"Short, Senator JR",Short1936
"Shorten, the Hon. William Robert",Shorten1967
"Shorten, WR",Shorten1967
"Sidebottom, PS",Sidebottom1951
"Simmons, DW",Simmons1947
"Sinclair, IMcC (CP)",Sinclair1929
"Sinclair, IMcC (NCP)",Sinclair1929
"Sinclair, the Hon. Ian McCahon",Sinclair1929
"Sinclair, the Rt Hon. Ian McCahon",Sinclair1929
"Sinodinos, Senator A",Sinodinos1957
"Sinodinos, Senator the Hon. Arthur",Sinodinos1957
"Slipper, PN",Slipper1950
"Smith, ADH",Smith1967
"Smith, S (FT)",Smith1856
"Smith, SF",Smith1955
"Smith, the Hon. Stephen Francis",Smith1955
"Smith, WHL",SmithWilliam1869
"Smith, WL",Smith1954
"Snedden, BM",Snedden1926
"Snedden, the Hon. Billy Mackie, QC",Snedden1926
"Snedden, the Rt Hon. Billy Mackie, QC",Snedden1926
"Snowdon, WE",Snowdon1950
"Somlyay, AM",Somlyay1946
"Spence, WG",Spence1846
"Spender, PC",Spender1897
"Spicer, Senator JA",Spicer1899
"Spicer, Senator the Hon. John Armstrong, QC",Spicer1899
"Spooner, ES",Spooner1891
"Spooner, Senator the Hon. Sir William Henry, KCMG, MM",Spooner1897
"Spooner, Senator the Hon. William Henry, MM",Spooner1897
"Spooner, Senator WH",Spooner1897
"Spooner, WH",Spooner1897
"Staley, AA",Staley1939
"Staples, PR",Staples1947
"Stephens, Senator UM",Stephens1954
"Stewart, FE",Stewart1923
"Stewart, FH",Stewart1884
"Stewart, PG (CP)",Stewart1885
"Stone, SN",Stone1951
"Street, AA",Street1926
"Street, GA",Street1894
"Street, the Hon. Anthony Austin",Street1926
"Sukkar, MS",Sukkar1981
"Sullivan, KJM",Sullivan1942
"Swan, the Hon. Wayne Maxwell",Swan1954
"Swan, WM",Swan1954
"Swartz, RWC",Swartz1911
"Swartz, the Hon. Reginald William Colin",Swartz1911
"Swartz, the Hon. Sir Reginald William Colin, KBE, ED",Swartz1911
"Symon, Senator JH (FT)",Symon1846
"Tambling, GEJ (CLP)",Tambling1943
"Tambling, Senator GEJ (CLP)",Tambling1943
"Tanner, LJ",Tanner1956
"Tanner, the Hon. Lindsay James",Tanner1956
"Tate, Senator MC",Tate1945
"Tate, Senator MJ",Tate1945
"Taylor, AJ",Taylor1966
"Tehan, DT",Tehan1968
"Theodore, EG",Theodore1884
"Theophanous, AC",Theophanous1946
"Thistlethwaite, Senator MJ",Thistlethwaite1972
"Thomas, J",Thomas1863
"Thompson, VC (CP)",Thompson1885
"Thomson, AP",Thomson1961
"Thomson, D (FT)",Thomson1848
"Thomson, DS (NCP)",Thomson1924
"Thomson, KJ",Thomson1955
"Thorby, HVC (CP)",Thorby1888
"Tickner, RE",Tickner1951
"Townley, AG",Townley1907
"Townley, the Hon. Athol Gordon",Townley1907
"Troeth, Senator JM",Troeth1940
"Truss, the Hon. Warren Errol",Truss1948
"Truss, WE (NP)",Truss1948
"Truss, WE (NPA)",Truss1948
"Tuckey, CW",Tuckey1935
"Tudge, AE",Tudge1971
"Tudor, FG",Tudor1866
"Turnbull, MB",Turnbull1954
"Turnbull, the Hon. Malcolm Bligh",Turnbull1954
"Turner, G",Turner1851
"Turner, G (PROT)",Turner1851
"Uren, T",Uren1921
"Vaile, MAJ (NP)",Vaile1956
"Vaile, MAJ (NPA)",Vaile1956
"Vaile, the Hon. Mark Anthony James",Vaile1956
"Vale, DS",Vale1944
"Vanstone, Senator AE",Vanstone1952
"Vanstone, Senator the Hon. Amanda Eloise",Vanstone1952
"Viner, RI",Viner1933
"Viner, the Hon. Robert Ian",Viner1933
"Wade, Senator HW (CP)",Wade1905
"Wade, Senator the Hon. Harrie Walter",Wade1905
"Walker, FJ",Walker1942
"Walsh, Senator PA",Walsh1935
"Walsh, Senator the Hon. Peter Alexander",Walsh1935
"Ward, EJ",Ward1899
"Watson, JC",Watson1867
"Watt, WA",Watt1871
"Webster, Senator JJ (NCP)",Webster1925
"Webster, W",Webster1860
"Wentworth, WC",Wentworth1907
"West, SJ",West1934
"West, the Hon. Stewart John",West1934
"Wheeldon, Senator JM",Wheeldon1929
"White, TW",White1888
"Whitlam, EG",Whitlam1916
"Willesee, Senator DR",Willesee1916
"Williams, DR",Williams1942
"Williams, the Hon. Daryl Robert, AM, QC",Williams1942
"Willis, R",Willis1938
"Willis, the Hon. Ralph",Willis1938
"Wilson, IBC",Wilson1932
"Wilson, Senator RV",Wilson1877
"Wise, GH",Wise1853
"Withers, Senator RG",Withers1924
"Withers, Senator the Hon. Reginald Greive",Withers1924
"Withers, Senator the Rt Hon. Reginald Greive",Withers1924
"Wong, Senator PYY",Wong1968
"Wong, Senator the Hon. Penelope Ying-Yen",Wong1968
"Woods, Senator RL",WoodsRobert1947
"Wooldridge, MRL",Wooldridge1956
"Wooldridge, the Hon. Michael Richard Lewis",Wooldridge1956
"Worth, PM",Worth1946
"Wriedt, Senator KS",Wriedt1927
"Wright, Senator RC",Wright1905
"Wyatt, KG",Wyatt1952
"Wynne, A",Wynne1850
Young MJ,Young1936
"Young, MJ",Young1936
"Young, the Hon. Michael Jerome",Young1936